{
  "checkpoint": "checkpoints/ckpt_epoch2000.pt",
  "split": "val",
  "data_dir": "data/indoor360_torchfeed",
  "n_samples": 461,
  "results": {
    "ours": {
      "curve": [
        31.539990132053692,
        28.44879850745201,
        25.72806750734647,
        24.55427572131157,
        23.99834915995598,
        23.707991962631542
      ],
      "final_mse": 23.707991962631542
    },
    "random": {
      "curve": [
        31.539990132053692,
        29.63577372332414,
        29.23640248676141,
        28.26826199889183,
        27.2760512928168,
        26.61992485324542
      ],
      "final_mse": 26.61992485324542
    },
    "large-action": {
      "curve": [
        31.539990132053692,
        29.903377840916317,
        29.31763380765915,
        28.45480740070343,
        27.83445492386818,
        27.054595823089283
      ],
      "final_mse": 27.054595823089283
    }
  }
}