{
  "checkpoint": "checkpoints/ckpt_epoch2000.pt",
  "split": "val",
  "data_dir": "data/sun360_torchfeed",
  "n_samples": 57,
  "results": {
    "ours": {
      "curve": [
        41.43313877284527,
        35.72927042841911,
        35.11312324553728,
        34.12170708179474,
        33.61084591597319,
        33.24235510081053
      ],
      "final_mse": 33.24235510081053
    },
    "random": {
      "curve": [
        41.43313877284527,
        38.21418061852455,
        35.094909369945526,
        34.963635727763176,
        34.403542056679726,
        33.957479521632195
      ],
      "final_mse": 33.957479521632195
    },
    "large-action": {
      "curve": [
        41.43313877284527,
        37.82539255917072,
        37.83562779426575,
        36.03681176900864,
        35.49203462898731,
        35.07833927869797
      ],
      "final_mse": 35.07833927869797
    }
  }
}