{
  "checkpoint": "checkpoints/ckpt_epoch0100.pt",
  "split": "val",
  "data_dir": "origin_code/SUN360/data/minitorchfeed",
  "n_samples": 10,
  "results": {
    "ours": {
      "curve": [
        67.78687238693237,
        66.68470799922943,
        65.3410479426384,
        63.115984201431274,
        59.88401174545288,
        59.88401174545288
      ],
      "final_mse": 59.88401174545288
    },
    "random": {
      "curve": [
        67.78687238693237,
        66.84692203998566,
        65.74475765228271,
        64.40109014511108,
        63.277676701545715,
        61.899520456790924
      ],
      "final_mse": 61.899520456790924
    },
    "large-action": {
      "curve": [
        67.78687238693237,
        64.66606259346008,
        61.37518957257271,
        61.37518957257271,
        58.13075229525566,
        54.899416863918304
      ],
      "final_mse": 54.899416863918304
    }
  }
}