{
  "checkpoint": "checkpoints/ckpt_epoch2000.pt",
  "dataset": "PanoContext (bedroom/living_room, 2 classes)",
  "n_classes": 2,
  "T": 6,
  "results": {
    "ours": [
      58.24176073074341,
      52.74725556373596,
      51.64835453033447,
      56.04395866394043,
      47.25274741649628,
      50.54945349693298
    ],
    "random": [
      59.3406617641449,
      59.3406617641449,
      49.450549483299255,
      52.74725556373596,
      56.04395866394043,
      63.736265897750854
    ],
    "large-action": [
      61.538463830947876,
      52.74725556373596,
      54.94505763053894,
      62.637364864349365,
      57.14285969734192,
      57.14285969734192
    ],
    "1-view": [
      62.637364864349365,
      62.637364864349365,
      62.637364864349365,
      62.637364864349365,
      62.637364864349365,
      62.637364864349365
    ]
  }
}