{
  "checkpoint": "checkpoints/ckpt_epoch2000.pt",
  "dataset": "panocontext_torchfeed",
  "n_classes": 2,
  "T": 6,
  "results": {
    "ours": [
      49.450549483299255,
      58.24176073074341,
      52.74725556373596,
      58.24176073074341,
      56.04395866394043,
      56.04395866394043
    ],
    "random": [
      41.75824224948883,
      61.538463830947876,
      53.84615659713745,
      57.14285969734192,
      53.84615659713745,
      53.84615659713745
    ],
    "large-action": [
      45.0549453496933,
      41.75824224948883,
      52.74725556373596,
      57.14285969734192,
      57.14285969734192,
      52.74725556373596
    ],
    "1-view": [
      46.15384638309479,
      46.15384638309479,
      46.15384638309479,
      46.15384638309479,
      46.15384638309479,
      46.15384638309479
    ]
  }
}