{
  "checkpoint": "checkpoints/ckpt_epoch2000.pt",
  "n_classes": 10,
  "T": 6,
  "results": {
    "ours": [
      53.61635088920593,
      62.26415038108826,
      71.69811129570007,
      76.41509175300598,
      78.77358198165894,
      79.5597493648529
    ],
    "random": [
      52.04402804374695,
      56.603771448135376,
      58.647799491882324,
      58.80503058433533,
      61.477988958358765,
      64.9371087551117
    ],
    "large-action": [
      54.24528121948242,
      57.70440101623535,
      57.86163806915283,
      60.53459048271179,
      64.77987170219421,
      64.46540951728821
    ],
    "1-view": [
      53.45911979675293,
      53.45911979675293,
      53.45911979675293,
      53.45911979675293,
      53.45911979675293,
      53.45911979675293
    ]
  }
}