{
  "checkpoint": "checkpoints/ckpt_epoch2000.pt",
  "dataset": "ModelNet-10 (10 classes, zero-shot transfer)",
  "n_classes": 10,
  "T": 6,
  "results": {
    "ours": [
      52.51572132110596,
      61.320751905441284,
      69.4968581199646,
      76.10062956809998,
      77.04402804374695,
      79.4025182723999
    ],
    "random": [
      54.71698045730591,
      58.80503058433533,
      62.42138147354126,
      63.522011041641235,
      66.66666865348816,
      66.82389974594116
    ],
    "large-action": [
      52.83018946647644,
      58.647799491882324,
      57.54716992378235,
      60.53459048271179,
      65.0943398475647,
      65.0943398475647
    ],
    "1-view": [
      52.98742055892944,
      52.98742055892944,
      52.98742055892944,
      52.98742055892944,
      52.98742055892944,
      52.98742055892944
    ]
  }
}