{
  "checkpoint": "checkpoints/ckpt_epoch2000.pt",
  "dataset": "modelnet10_torchfeed",
  "n_classes": 10,
  "T": 6,
  "results": {
    "ours": [
      39.308175444602966,
      41.82389974594116,
      46.069180965423584,
      46.069180965423584,
      49.84276592731476,
      48.270440101623535
    ],
    "random": [
      40.72327017784119,
      45.28301954269409,
      46.855345368385315,
      46.69811427593231,
      49.685534834861755,
      51.88679099082947
    ],
    "large-action": [
      41.82389974594116,
      43.396225571632385,
      42.45283007621765,
      45.12578547000885,
      48.11320900917053,
      48.270440101623535
    ],
    "1-view": [
      37.26415038108826,
      37.26415038108826,
      37.26415038108826,
      37.26415038108826,
      37.26415038108826,
      37.26415038108826
    ]
  }
}