{
  "checkpoint": "checkpoints/ckpt_epoch2000.pt",
  "dataset": "modelnet10_torchfeed",
  "n_classes": 10,
  "T": 6,
  "results": {
    "ours": [
      41.981130838394165,
      40.88050425052643,
      45.440250635147095,
      50.0,
      46.069180965423584,
      51.100629568099976
    ],
    "random": [
      42.767295241355896,
      44.33962404727936,
      42.29559600353241,
      44.025155901908875,
      50.62893033027649,
      49.528300762176514
    ],
    "large-action": [
      38.05031478404999,
      43.71069073677063,
      42.13836491107941,
      45.91194987297058,
      49.84276592731476,
      48.74213933944702
    ],
    "1-view": [
      43.08176040649414,
      43.08176040649414,
      43.08176040649414,
      43.08176040649414,
      43.08176040649414,
      43.08176040649414
    ]
  }
}